Feature,Mean Importance,Std Importance
numeric__release_year,0.08677305272239544,0.002708097287227812
numeric__genre__Steam Trading Cards,0.031612690628837495,0.002119437163180808
numeric__genre__Single-player,0.009099406317299552,0.0007470883095918343
numeric__language_count,0.006747492302123614,0.0007553595755510916
numeric__genre__Multi-player,0.006142607807456346,0.0013095809275885661
numeric__genre__Steam Cloud,0.006028796585993845,0.0006249041155046794
numeric__genre__Online PvP,0.005864690919728788,0.0007930835165223637
numeric__genre__PvP,0.0038592763748332313,0.0005468247859079869
numeric__genre__Online Co-op,0.0028390701725679477,0.0008259047121699317
numeric__genre__Steam Achievements,0.002329634385996182,0.00026715402037865023
numeric__genre__Steam Workshop,0.002198253991078225,0.00022136820339503383
categorical__price_band_low,0.0021960929662151905,0.00029120242496113844
numeric__Metacritic score,0.0020138107256250093,0.00028682621507932014
numeric__genre__Full controller support,0.001940587930985993,0.0006030076460254219
numeric__Price,0.0018760712154793247,0.0004114673952176251
numeric__genre__In-App Purchases,0.0017581693350984696,0.0006451268210466724
numeric__category__THQ Nordic,0.0017547108689220047,0.0003050930352066274
numeric__category__BFG Entertainment,0.0014337552909987172,0.00028156287910394547
numeric__category__Fulqrum Publishing,0.0012989370897977359,0.0004925081732329713
numeric__genre__Custom Volume Controls,0.0012427504433612847,0.0003349041717178204
numeric__category__Devolver Digital,0.0012248341836944786,0.0002601794176226581
numeric__category__Kagura Games,0.0011616314374161885,0.00026226601845423823
numeric__genre__VR Only,0.0010427006943376283,0.0001353616884436084
numeric__category__tinyBuild,0.0009958233959245,0.00015044345195480065
numeric__genre__Shared/Split Screen Co-op,0.0008439153307979285,0.00019434303329596457
numeric__release_month,0.0007970256364486561,0.00027023198941317347
numeric__category__Choice of Games,0.0007685810950404326,0.0001510413251103178
numeric__genre__Steam Leaderboards,0.0007453345828436486,0.0005103557316480068
numeric__category__Paradox Interactive,0.0006938005444294459,0.00021929129538954324
numeric__genre__Family Sharing,0.0006925072350946415,0.00010712349405483874
numeric__category__EroticGamesClub,0.000565304270647915,0.00030243029285713477
numeric__category__2K,0.0005631721696359282,0.0004060226893480156
numeric__Required age,0.0005620895912150425,0.0001852571274333077
numeric__category__8floor,0.0005593624852694657,0.00018792756387528122
numeric__category__SEGA,0.0005482557265092281,0.0003459944660552889
numeric__category__PlayWay S.A.,0.0005358515264355157,0.00026929274490204404
numeric__category__Ubisoft,0.0005343185623357671,0.00027298116992021125
numeric__category__Daedalic Entertainment,0.000512861196918446,0.00045041877065618357
numeric__category__Square Enix,0.0005022585395603407,0.00029641381803539917
numeric__price_log1p,0.0005015271793294529,6.555268329620171e-05
numeric__category__Ltd.,0.0004874536598588275,0.0002495205342136082
numeric__category__Electronic Arts,0.00046116187935607567,0.00017886471964200944
numeric__category__Alawar Casual,0.0004250153296409875,0.00011014481019817227
numeric__category__Nacon,0.0004139333627530384,0.00011003301304931961
numeric__category__BANDAI NAMCO Entertainment,0.0004079006738430424,0.00027563546537400933
numeric__genre__Remote Play Together,0.00038621604959692134,0.00017893564531580345
numeric__genre__Playable without Timed Input,0.00034297076046585495,0.00012667870923602242
numeric__category__GrabTheGames,0.00033810328955083955,0.00012113910936412524
numeric__genre__Remote Play on Tablet,0.0003241454654838716,0.0004001590560255523
numeric__genre__Shared/Split Screen PvP,0.000319567233078244,0.00012215477882524168
numeric__genre__Partial Controller Support,0.0003174599239385234,4.125257327102089e-05
numeric__category__Disney,0.0003002130448220397,0.00016669652215118064
numeric__platform_linux,0.0002851891702490228,0.0003964192844907883
numeric__category__HH-Games,0.0002598022930828892,0.00017434093667790534
numeric__category__LTD.,0.00025268702575211857,9.158843224311847e-05
numeric__category__Microids,0.00019999603330038694,0.00013389207945639883
numeric__category__Bethesda Softworks,0.0001935501465199385,0.00011014367987929241
numeric__category__Focus Entertainment,0.00019191388295258793,9.778017148716399e-05
numeric__category__PLAYISM,0.0001851539657905077,9.375011509745342e-05
numeric__category__Strategy First,0.0001851126460034269,9.840114826681814e-05
numeric__genre__Remote Play on TV,0.00016273384933478406,0.00011279487427968096
numeric__price_free,0.00012971520749969213,0.00027169411051613585
numeric__tag_count,0.00011949682416119156,6.788064493621556e-05
numeric__platform_mac,0.00011429053099225595,0.00016149828700572864
numeric__genre__Stats,8.684179645208623e-05,0.00021921573885484903
numeric__genre__Co-op,8.484605073733054e-05,7.711221431699108e-05
numeric__category__Nightdive Studios,8.48295228225604e-05,0.00019412304209471748
numeric__genre__Stereo Sound,8.319739123388014e-05,8.720663469648785e-05
numeric__category__Artifex Mundi,8.220158436589298e-05,0.00020653826164275464
numeric__category__Activision,7.409464214582772e-05,0.00012369423819131442
numeric__Achievements,6.914453165671742e-05,6.477964669820456e-05
numeric__category__LLC,6.560755788489469e-05,4.7765026153507644e-05
categorical__price_band_medium,6.266972102531021e-05,1.9597494541477145e-05
numeric__category__ESDigital Games,5.5459418184300446e-05,5.758747719784666e-05
numeric__category__Inc.,5.3996697722591416e-05,2.0028658525443765e-05
numeric__category__Sekai Project,3.3378123982430453e-05,3.787089924609549e-05
categorical__price_band_free,2.9812226359715587e-05,8.088373382073596e-06
numeric__category__Slitherine Ltd.,2.8304054132233247e-05,5.630223934427666e-05
numeric__genre__Tracked Controller Support,2.67958819047065e-05,6.361003334119695e-05
numeric__category__Atari,2.256060373162505e-05,6.30259260010013e-05
numeric__category__Boogygames Studios,1.4610676702386804e-05,1.1215916552592752e-05
numeric__category__My Way Games,8.321805112765368e-06,8.101907308425484e-06
numeric__category__SA Industry,3.6774610477463552e-06,5.359034611145661e-06
numeric__category__Plug In Digital,2.809745519627427e-06,2.2570878364676772e-05
numeric__genre__Captions available,9.875429106021016e-07,0.00016027919534883592
numeric__category__DigiPen Institute of Technology,7.272282520842665e-07,6.320603211005674e-05
numeric__genre__Cross-Platform Multiplayer,4.958374446140113e-07,4.476265426733543e-05
numeric__category__Laush Studio,-4.875734872955561e-07,4.105814820371232e-06
numeric__category__Ltd,-5.784770187533539e-07,5.24875156665073e-06
categorical__price_band_premium,-1.5784158654996716e-06,3.986483717669619e-06
numeric__genre__Includes level editor,-4.1526385990087175e-06,1.1446669895259158e-05
numeric__category__HandyGames,-6.5037344823881685e-06,1.37988936824631e-05
numeric__category__Ziggurat,-1.7346046605437594e-05,0.0001239878228213968
numeric__category__KOEI TECMO GAMES CO.,-2.3213456367177087e-05,6.817484584837393e-05
numeric__category__Conglomerate 5,-2.741981068927757e-05,1.2588766008621182e-05
numeric__genre__Shared/Split Screen,-3.1105535694520015e-05,2.66649030171588e-05
categorical__price_band_high,-8.871771478442536e-05,0.00011097830866567597
numeric__audio_language_count,-0.0001137203179310431,0.00011373239194002736
