Feature,Coefficient,Absolute Coefficient
numeric__genre__Steam Trading Cards,0.44078154259851854,0.44078154259851854
categorical__price_band_high,0.29690399217560753,0.29690399217560753
numeric__category__THQ Nordic,0.27831037449511914,0.27831037449511914
numeric__genre__Single-player,0.23652090367216816,0.23652090367216816
numeric__language_count,0.22116778664032458,0.22116778664032458
numeric__category__Paradox Interactive,0.20028139369420886,0.20028139369420886
numeric__category__Focus Entertainment,0.17597933470373642,0.17597933470373642
numeric__category__Devolver Digital,0.1751553052726116,0.1751553052726116
numeric__genre__Multi-player,0.17352615630001758,0.17352615630001758
numeric__genre__Steam Cloud,0.16871197282797254,0.16871197282797254
numeric__genre__Online PvP,0.15945120172763763,0.15945120172763763
numeric__category__Electronic Arts,0.14095251705805933,0.14095251705805933
numeric__category__Fulqrum Publishing,0.12666570847675604,0.12666570847675604
numeric__genre__Custom Volume Controls,0.11844089278555878,0.11844089278555878
numeric__genre__In-App Purchases,0.10808697521740629,0.10808697521740629
numeric__genre__Steam Workshop,0.10573450882747144,0.10573450882747144
numeric__genre__Remote Play on Tablet,0.10557817670112862,0.10557817670112862
numeric__genre__Full controller support,0.10539124957339584,0.10539124957339584
numeric__genre__Steam Achievements,0.1029599059705303,0.1029599059705303
numeric__category__SEGA,0.10220523305242135,0.10220523305242135
