Feature,Importance
numeric__release_year,0.2130907387313906
numeric__genre__Steam Trading Cards,0.1172641693860151
numeric__language_count,0.08444866219829823
numeric__audio_language_count,0.08234696395117597
numeric__Price,0.05664189519471816
numeric__price_log1p,0.05632468672224773
numeric__release_month,0.054758461108476
numeric__tag_count,0.04037225075903948
numeric__genre__Steam Cloud,0.0340628031147765
numeric__genre__Steam Achievements,0.02455714379671368
numeric__genre__Single-player,0.015018351026987724
numeric__platform_linux,0.014580500139843425
numeric__genre__Full controller support,0.0143665034620162
numeric__genre__Multi-player,0.013075786708474877
numeric__genre__Partial Controller Support,0.009726219068517507
numeric__Metacritic score,0.00912915053757204
categorical__price_band_low,0.00723187526582026
numeric__genre__Steam Leaderboards,0.00703355717469383
numeric__genre__Remote Play on TV,0.006907324483444724
numeric__genre__Family Sharing,0.006764142696301156
numeric__genre__Online Co-op,0.0067514212882946855
numeric__genre__Online PvP,0.006652312712354166
numeric__genre__VR Only,0.006544121512182679
numeric__genre__Tracked Controller Support,0.006353375848996225
categorical__price_band_medium,0.006008586005308831
numeric__genre__Co-op,0.0059495091188020155
numeric__Required age,0.0059264903578486626
numeric__genre__Steam Workshop,0.0058524114149254335
numeric__genre__PvP,0.0057340269731153805
numeric__genre__In-App Purchases,0.004812768883584893
numeric__genre__Remote Play on Tablet,0.004615661301136989
numeric__genre__Stats,0.004498065651369268
numeric__price_free,0.0044246359831852
categorical__price_band_free,0.004407951262738037
numeric__genre__Remote Play Together,0.004140640459721872
numeric__genre__Shared/Split Screen,0.0035465552163405373
numeric__genre__Shared/Split Screen PvP,0.0032859281311360183
numeric__genre__Includes level editor,0.003122513694992369
numeric__genre__Cross-Platform Multiplayer,0.002991926284891583
numeric__genre__Captions available,0.0026855461861288576
numeric__genre__Shared/Split Screen Co-op,0.002591805379867096
numeric__genre__Custom Volume Controls,0.002479608619394195
categorical__price_band_high,0.002437752390313578
numeric__genre__Playable without Timed Input,0.001912480043629909
numeric__genre__Stereo Sound,0.0016407457102261208
numeric__category__Kagura Games,0.0015240527260502084
numeric__category__Ltd.,0.0012407985827112707
numeric__category__Inc.,0.0012401303757728615
numeric__category__EroticGamesClub,0.0010535059387723564
numeric__category__BFG Entertainment,0.0010425425208013125
numeric__category__Strategy First,0.0010406468257092099
numeric__category__8floor,0.000899553927484759
numeric__category__Choice of Games,0.0008874225013981672
categorical__price_band_premium,0.0008673906489923511
numeric__category__Electronic Arts,0.0007829309096400624
numeric__category__LLC,0.0007065439808184612
numeric__category__LTD.,0.0005692230095805601
numeric__category__THQ Nordic,0.0005649099675002576
numeric__category__Ziggurat,0.0005596018709508158
numeric__category__Fulqrum Publishing,0.0005518544668481931
numeric__category__PlayWay S.A.,0.0005293075925033872
numeric__category__Alawar Casual,0.0005156362079180136
numeric__category__Ubisoft,0.0004871518381260685
numeric__category__Conglomerate 5,0.00047091162263903307
numeric__category__Devolver Digital,0.000448447181460843
numeric__category__Activision,0.0003981890268874621
numeric__category__KOEI TECMO GAMES CO.,0.00037963315222793554
numeric__category__Paradox Interactive,0.00032569558329079514
numeric__category__GrabTheGames,0.0003226715605360126
numeric__category__SA Industry,0.00031386140574597937
numeric__category__Nightdive Studios,0.0002946913315803665
numeric__category__2K,0.00029447667673049326
numeric__category__Atari,0.0002803426997755709
numeric__category__Boogygames Studios,0.00027391687913344803
numeric__category__PLAYISM,0.00027093808900994777
numeric__category__Laush Studio,0.000270188741857904
numeric__category__Sekai Project,0.0002685065608357951
numeric__category__Disney,0.0002637367437815986
numeric__category__Ltd,0.00025789642917057925
numeric__category__Square Enix,0.0002506973642237204
numeric__category__HH-Games,0.0002459757181395644
numeric__category__Artifex Mundi,0.00022265864424031375
numeric__category__Plug In Digital,0.00020792077436899756
numeric__category__Microids,0.0001885505067824361
numeric__category__SEGA,0.0001852185730863133
numeric__category__tinyBuild,0.00018126021884637322
numeric__category__My Way Games,0.0001775044945595243
numeric__category__ESDigital Games,0.00015916963368958563
numeric__category__Slitherine Ltd.,0.00015848395287240306
numeric__category__DigiPen Institute of Technology,0.0001412210490796057
numeric__category__BANDAI NAMCO Entertainment,0.00013321292456498939
numeric__category__Daedalic Entertainment,0.00010803683989547281
numeric__category__HandyGames,9.399464274421555e-05
numeric__category__Bethesda Softworks,8.982440785897752e-05
numeric__category__Nacon,8.730890721848885e-05
numeric__category__Focus Entertainment,7.09309563243278e-05
numeric__platform_mac,3.114812628052533e-05
numeric__Achievements,1.5487319742341716e-06
